{
  "Working Directory" : "\/Users\/pabloa",
  "Prompt Before Closing 2" : 0,
  "Selected Text Color" : {
    "Green Component" : 0.77144092321395874,
    "Red Component" : 0.76960963010787964,
    "Blue Component" : 0.70993047952651978
  },
  "Rows" : 25,
  "Ansi 11 Color" : {
    "Green Component" : 0.83635991811752319,
    "Red Component" : 0.87748134136199951,
    "Blue Component" : 0.38154411315917969
  },
  "Use Italic Font" : true,
  "Foreground Color" : {
    "Green Component" : 0.77144092321395874,
    "Red Component" : 0.76960963010787964,
    "Blue Component" : 0.70993047952651978
  },
  "Right Option Key Sends" : 2,
  "Character Encoding" : 4,
  "Selection Color" : {
    "Green Component" : 0.20520767569541931,
    "Red Component" : 0.20521381497383118,
    "Blue Component" : 0.20521116256713867
  },
  "Triggers" : [

  ],
  "Blend" : 0.30000001192092896,
  "Mouse Reporting" : true,
  "Cursor Boost" : 0,
  "Ansi 4 Color" : {
    "Green Component" : 0.39599207043647766,
    "Red Component" : 0.61468899250030518,
    "Blue Component" : 0.99877572059631348
  },
  "Non-ASCII Anti Aliased" : true,
  "Sync Title" : false,
  "Disable Window Resizing" : true,
  "Close Sessions On End" : true,
  "Jobs to Ignore" : [
    "rlogin",
    "ssh",
    "slogin",
    "telnet",
    "Job Name"
  ],
  "Scrollback With Status Bar" : false,
  "Scrollback Lines" : 0,
  "Scrollback in Alternate Screen" : true,
  "Hide After Opening" : false,
  "Flashing Bell" : false,
  "Cursor Guide Color" : {
    "Red Component" : 0.70213186740875244,
    "Color Space" : "sRGB",
    "Blue Component" : 1,
    "Alpha Component" : 0.25,
    "Green Component" : 0.9268307089805603
  },
  "BM Growl" : false,
  "Ansi 3 Color" : {
    "Green Component" : 0.51805692911148071,
    "Red Component" : 0.98094809055328369,
    "Blue Component" : 0.099807053804397583
  },
  "Use Non-ASCII Font" : false,
  "Link Color" : {
    "Red Component" : 0,
    "Color Space" : "sRGB",
    "Blue Component" : 0.73423302173614502,
    "Alpha Component" : 1,
    "Green Component" : 0.35916060209274292
  },
  "Shortcut" : "",
  "Background Image Location" : "",
  "Bold Color" : {
    "Green Component" : 0.77144092321395874,
    "Red Component" : 0.76960963010787964,
    "Blue Component" : 0.70993047952651978
  },
  "Unlimited Scrollback" : true,
  "Custom Command" : "Yes",
  "Smart Selection Rules" : [
    {
      "notes" : "Word bounded by whitespace",
      "regex" : "\\S+",
      "precision" : "low"
    },
    {
      "notes" : "C++ namespace::identifier",
      "regex" : "([a-zA-Z0-9_]+::)+[a-zA-Z0-9_]+",
      "precision" : "normal"
    },
    {
      "notes" : "Paths",
      "regex" : "\\~?\/?([[:letter:][:number:]._-]+\/+)+[[:letter:][:number:]._-]+\/?",
      "precision" : "normal"
    },
    {
      "notes" : "Quoted string",
      "regex" : "@?\"(?:[^\"\\\\]|\\\\.)*\"",
      "precision" : "normal"
    },
    {
      "notes" : "Java\/Python include paths",
      "regex" : "([[:letter:][:number:]._]+\\.)+[[:letter:][:number:]._]+",
      "precision" : "normal"
    },
    {
      "notes" : "mailto URL",
      "regex" : "\\bmailto:([a-z0-9A-Z_]+@)?([a-zA-Z0-9\\-]+\\.)*[a-zA-Z0-9\\-]+\\b",
      "precision" : "normal"
    },
    {
      "notes" : "Obj-C selector",
      "regex" : "@selector\\([^)]+\\)",
      "precision" : "high"
    },
    {
      "notes" : "email address",
      "regex" : "\\b[A-Za-z0-9._%+-]+@[A-Za-z0-9.-]+\\.[A-Za-z]{2,4}\\b",
      "precision" : "high"
    },
    {
      "notes" : "HTTP URL",
      "regex" : "https?:\/\/([a-z0-9A-Z]+(:[a-zA-Z0-9]+)?@)?[a-z0-9A-Z]+(\\.[a-z0-9A-Z]+)*((:[0-9]+)?)(\/[a-zA-Z0-9;\/\\.\\-_+%~?&@=#\\(\\)]*)?",
      "precision" : "very_high"
    },
    {
      "notes" : "SSH URL",
      "regex" : "\\bssh:([a-z0-9A-Z_]+@)?([a-zA-Z0-9\\-]+\\.)*[a-zA-Z0-9\\-]+\\b",
      "precision" : "very_high"
    },
    {
      "notes" : "Telnet URL",
      "regex" : "\\btelnet:([a-z0-9A-Z_]+@)?([a-zA-Z0-9\\-]+\\.)*[a-zA-Z0-9\\-]+\\b",
      "precision" : "very_high"
    }
  ],
  "Keyboard Map" : {
    "0xf702-0x300000" : {
      "Text" : "[H",
      "Action" : 10
    },
    "0x5e-0x60000" : {
      "Action" : 11,
      "Text" : "0x1e"
    },
    "0xf703-0x300000" : {
      "Text" : "[F",
      "Action" : 10
    },
    "0xf702-0x280000" : {
      "Text" : "b",
      "Action" : 10
    },
    "0xf702-0x260000" : {
      "Action" : 11,
      "Text" : "0x1b 0x1b 0x5b 0x44"
    },
    "0xf703-0x280000" : {
      "Text" : "f",
      "Action" : 10
    },
    "0xf70a-0x20000" : {
      "Action" : 10,
      "Text" : "[28~"
    },
    "0xf703-0x260000" : {
      "Action" : 10,
      "Text" : "[C"
    },
    "0x2d-0x40000" : {
      "Action" : 11,
      "Text" : "0x1f"
    },
    "0xf702-0x220000" : {
      "Action" : 10,
      "Text" : "[D"
    },
    "0xf703-0x240000" : {
      "Action" : 10,
      "Text" : "[5C"
    },
    "0xf703-0x220000" : {
      "Action" : 10,
      "Text" : "[C"
    },
    "0xf700-0x280000" : {
      "Action" : 10,
      "Text" : "[A"
    },
    "0xf72b-0x20000" : {
      "Action" : 10,
      "Text" : "[F"
    },
    "0xf700-0x260000" : {
      "Action" : 10,
      "Text" : "[A"
    },
    "0xf701-0x280000" : {
      "Action" : 10,
      "Text" : "[B"
    },
    "0xf700-0x240000" : {
      "Action" : 10,
      "Text" : "[A"
    },
    "0xf72b-0x40000" : {
      "Action" : 4,
      "Text" : ""
    },
    "0xf700-0x220000" : {
      "Action" : 10,
      "Text" : "[A"
    },
    "0xf701-0x240000" : {
      "Action" : 10,
      "Text" : "[B"
    },
    "0xf701-0x260000" : {
      "Action" : 10,
      "Text" : "[B"
    },
    "0xf708-0x20000" : {
      "Action" : 10,
      "Text" : "[25~"
    },
    "0xf701-0x220000" : {
      "Action" : 10,
      "Text" : "[B"
    },
    "0xf709-0x20000" : {
      "Action" : 10,
      "Text" : "[26~"
    },
    "0xf70b-0x20000" : {
      "Action" : 10,
      "Text" : "[29~"
    },
    "0xf702-0x240000" : {
      "Action" : 10,
      "Text" : "[5D"
    },
    "0xf729-0x20000" : {
      "Action" : 10,
      "Text" : "[H"
    },
    "0xf729-0x40000" : {
      "Action" : 5,
      "Text" : ""
    }
  },
  "Log Directory" : "",
  "Use Canonical Parser" : false,
  "Ansi 14 Color" : {
    "Green Component" : 0.81977206468582153,
    "Red Component" : 0.34416967630386353,
    "Blue Component" : 0.92060363292694092
  },
  "Ansi 2 Color" : {
    "Green Component" : 0.87921047210693359,
    "Red Component" : 0.59473341703414917,
    "Blue Component" : 0.14004382491111755
  },
  "Background Image Is Tiled" : false,
  "Send Code When Idle" : false,
  "ASCII Anti Aliased" : true,
  "Tags" : [

  ],
  "Ansi 9 Color" : {
    "Green Component" : 0,
    "Red Component" : 0.95683503150939941,
    "Blue Component" : 0.3728577196598053
  },
  "Use Bold Font" : true,
  "Silence Bell" : false,
  "Ansi 12 Color" : {
    "Green Component" : 0.39599207043647766,
    "Red Component" : 0.61468899250030518,
    "Blue Component" : 0.99877572059631348
  },
  "Window Type" : 0,
  "Allow Title Reporting" : false,
  "Use Bright Bold" : true,
  "Cursor Text Color" : {
    "Green Component" : 0.77144092321395874,
    "Red Component" : 0.76960963010787964,
    "Blue Component" : 0.70993047952651978
  },
  "Default Bookmark" : "No",
  "Cursor Color" : {
    "Green Component" : 0.96674919128417969,
    "Red Component" : 0.96554505825042725,
    "Blue Component" : 0.92647796869277954
  },
  "Disable Smcup Rmcup" : false,
  "Name" : "personal",
  "Blinking Cursor" : false,
  "Ansi 1 Color" : {
    "Green Component" : 0,
    "Red Component" : 0.95683503150939941,
    "Blue Component" : 0.3728577196598053
  },
  "Guid" : "90329FA3-4D36-4695-A802-C1F6A5EC67E1",
  "Ansi 8 Color" : {
    "Green Component" : 0.36959609389305115,
    "Red Component" : 0.3829454779624939,
    "Blue Component" : 0.29652142524719238
  },
  "Ansi 10 Color" : {
    "Green Component" : 0.87921047210693359,
    "Red Component" : 0.59473341703414917,
    "Blue Component" : 0.14004382491111755
  },